{"25": {"x": 84.0019250000026, "y": 7.66740000000018, "camp": "blue", "BeAttackDifficulty": 0.93}, "26": {"x": 83.6087750000019, "y": 9.30226666666556, "camp": "blue", "BeAttackDifficulty": 0.33}, "27": {"x": 83.1522749999998, "y": 10.4116, "camp": "blue", "BeAttackDifficulty": 0.54}, "28": {"x": 84.7982250000001, "y": 9.81363333333244, "camp": "blue", "BeAttackDifficulty": 0.57}, "29": {"x": 84.1194250000008, "y": 9.52179999999932, "camp": "blue", "BeAttackDifficulty": 0.35}, "30": {"x": 83.0695000000006, "y": 9.07043333333254, "camp": "blue", "BeAttackDifficulty": 0.97}, "31": {"x": 82.9367000000012, "y": 7.68573333333222, "camp": "blue", "BeAttackDifficulty": 0.5}, "32": {"x": 82.9601000000011, "y": 8.91026666666761, "camp": "blue", "BeAttackDifficulty": 0.89}, "33": {"x": 82.8978750000005, "y": 9.12350000000117, "camp": "blue", "BeAttackDifficulty": 0.5}, "34": {"x": 82.8497500000012, "y": 8.98053333333356, "camp": "blue", "BeAttackDifficulty": 0.72}, "35": {"x": 82.3261750000022, "y": 10.0661333333344, "camp": "blue", "BeAttackDifficulty": 0.38}, "36": {"x": 74.7031749999998, "y": 11.6198000000007, "camp": "blue", "BeAttackDifficulty": 0.89}, "37": {"x": 79.5065250000029, "y": 0.767699999999631, "camp": "blue", "BeAttackDifficulty": 0.75}, "38": {"x": 79.5526000000031, "y": 3.10240000000069, "camp": "blue", "BeAttackDifficulty": 0.87}, "39": {"x": 79.592250000001, "y": 5.67820000000078, "camp": "blue", "BeAttackDifficulty": 0.25}, "40": {"x": 79.593175000003, "y": 5.71953333333397, "camp": "blue", "BeAttackDifficulty": 0.94}, "41": {"x": 79.6255500000029, "y": 7.73483333333284, "camp": "blue", "BeAttackDifficulty": 0.03}, "42": {"x": 79.6273750000012, "y": 7.85836666666739, "camp": "blue", "BeAttackDifficulty": 0.79}, "43": {"x": 79.1636750000002, "y": 10.288833333334, "camp": "blue", "BeAttackDifficulty": 0.16}, "44": {"x": 79.6810000000008, "y": 10.1796333333345, "camp": "blue", "BeAttackDifficulty": 0.08}, "45": {"x": 81.1843250000024, "y": 9.86506666666761, "camp": "blue", "BeAttackDifficulty": 0.86}, "46": {"x": 82.3115750000021, "y": 10.0584333333344, "camp": "blue", "BeAttackDifficulty": 0.55}, "47": {"x": 82.341275000001, "y": 10.073766666667, "camp": "blue", "BeAttackDifficulty": 0.52}, "48": {"x": 83.6385000000028, "y": 10.6161999999988, "camp": "blue", "BeAttackDifficulty": 0.15}, "49": {"x": 83.8754750000028, "y": 10.7428333333341, "camp": "blue", "BeAttackDifficulty": 0.07}, "50": {"x": 81.5393250000014, "y": 13.184099999999, "camp": "blue", "BeAttackDifficulty": 0.21}, "51": {"x": 79.8000999999999, "y": 11.9087666666668, "camp": "blue", "BeAttackDifficulty": 0.35}, "52": {"x": 80.2524499999997, "y": 10.8742333333325, "camp": "blue", "BeAttackDifficulty": 0.58}, "53": {"x": 81.1969500000025, "y": 10.5483999999999, "camp": "blue", "BeAttackDifficulty": 0.84}, "54": {"x": 82.0568500000007, "y": 10.5291333333331, "camp": "blue", "BeAttackDifficulty": 0.95}, "55": {"x": 78.8688000000022, "y": 3.11379999999891, "camp": "blue", "BeAttackDifficulty": 0.55}, "56": {"x": 78.894100000003, "y": 5.69003333333266, "camp": "blue", "BeAttackDifficulty": 0.9}, "57": {"x": 78.8950000000028, "y": 5.72926666666736, "camp": "blue", "BeAttackDifficulty": 0.81}, "58": {"x": 78.9165750000009, "y": 7.74886666666674, "camp": "blue", "BeAttackDifficulty": 0.15}, "59": {"x": 78.9290999999999, "y": 9.18810000000055, "camp": "blue", "BeAttackDifficulty": 0.41}, "60": {"x": 78.94735, "y": 10.1348666666657, "camp": "blue", "BeAttackDifficulty": 0.18}, "61": {"x": 82.3602000000001, "y": 13.3662333333338, "camp": "blue", "BeAttackDifficulty": 0.52}, "62": {"x": 82.1199000000021, "y": 12.0177666666663, "camp": "blue", "BeAttackDifficulty": 0.03}, "63": {"x": 82.1130500000002, "y": 11.7868000000006, "camp": "blue", "BeAttackDifficulty": 0.79}, "64": {"x": 81.1820250000004, "y": 8.90500000000098, "camp": "blue", "BeAttackDifficulty": 0.64}, "65": {"x": 79.6530750000031, "y": 9.17510000000021, "camp": "blue", "BeAttackDifficulty": 0.54}, "66": {"x": 78.8865750000021, "y": 10.1356666666656, "camp": "blue", "BeAttackDifficulty": 0.14}, "67": {"x": 78.8840750000013, "y": 9.18773333333434, "camp": "blue", "BeAttackDifficulty": 0.28}, "68": {"x": 78.8629250000028, "y": 7.75706666666783, "camp": "blue", "BeAttackDifficulty": 0.97}, "69": {"x": 78.8454500000029, "y": 5.73426666666658, "camp": "blue", "BeAttackDifficulty": 0.52}, "70": {"x": 78.8463500000027, "y": 5.69596666666665, "camp": "blue", "BeAttackDifficulty": 0.5}, "71": {"x": 78.8316500000015, "y": 4.87323333333241, "camp": "blue", "BeAttackDifficulty": 0.29}, "72": {"x": 78.8208000000026, "y": 3.94359999999949, "camp": "blue", "BeAttackDifficulty": 0.33}, "73": {"x": 78.8139750000028, "y": 3.12149999999889, "camp": "blue", "BeAttackDifficulty": 0.93}, "74": {"x": 81.2151750000005, "y": 12.0238333333328, "camp": "blue", "BeAttackDifficulty": 0.82}, "75": {"x": 82.8689500000017, "y": 12.0110000000011, "camp": "blue", "BeAttackDifficulty": 0.84}, "76": {"x": 78.6611500000021, "y": 10.3949333333328, "camp": "blue", "BeAttackDifficulty": 0.93}, "77": {"x": 78.7683250000022, "y": 10.2931333333345, "camp": "blue", "BeAttackDifficulty": 0.77}, "78": {"x": 78.7841750000027, "y": 10.4196333333325, "camp": "blue", "BeAttackDifficulty": 0.72}, "79": {"x": 78.8157500000004, "y": 10.2247333333333, "camp": "blue", "BeAttackDifficulty": 0.02}, "80": {"x": 78.9967249999997, "y": 10.2086333333323, "camp": "blue", "BeAttackDifficulty": 0.38}, "81": {"x": 79.0340000000001, "y": 10.2374000000012, "camp": "blue", "BeAttackDifficulty": 0.94}, "82": {"x": 79.0688000000017, "y": 10.3836333333334, "camp": "blue", "BeAttackDifficulty": 0.52}, "83": {"x": 79.0092250000001, "y": 10.4634666666665, "camp": "blue", "BeAttackDifficulty": 0.38}, "84": {"x": 78.8363750000016, "y": 10.4694666666655, "camp": "blue", "BeAttackDifficulty": 0.59}, "85": {"x": 78.8010500000027, "y": 10.4412999999989, "camp": "blue", "BeAttackDifficulty": 0.08}, "86": {"x": 78.0067000000031, "y": 9.20346666666679, "camp": "blue", "BeAttackDifficulty": 0.43}, "87": {"x": 77.6504250000016, "y": 8.18240000000022, "camp": "blue", "BeAttackDifficulty": 0.76}, "88": {"x": 81.2145000000015, "y": 11.8018000000006, "camp": "blue", "BeAttackDifficulty": 0.56}, "89": {"x": 82.885000000001, "y": 11.7750666666675, "camp": "blue", "BeAttackDifficulty": 0.15}, "90": {"x": 77.5086000000016, "y": 11.6897999999992, "camp": "blue", "BeAttackDifficulty": 0.2}, "91": {"x": 77.9150000000008, "y": 11.5491999999999, "camp": "blue", "BeAttackDifficulty": 0.95}, "92": {"x": 78.9075500000003, "y": 11.2181666666658, "camp": "blue", "BeAttackDifficulty": 0.78}, "93": {"x": 78.9534750000023, "y": 11.2071, "camp": "blue", "BeAttackDifficulty": 0.78}, "94": {"x": 82.3905500000031, "y": 14.4592333333335, "camp": "blue", "BeAttackDifficulty": 0.55}, "95": {"x": 81.7528000000003, "y": 13.6194333333322, "camp": "blue", "BeAttackDifficulty": 0.7}, "96": {"x": 77.9452999999997, "y": 10.5389000000002, "camp": "blue", "BeAttackDifficulty": 0.42}, "97": {"x": 84.99415, "y": 15.2020333333335, "camp": "blue", "BeAttackDifficulty": 0.71}, "98": {"x": 84.1566750000027, "y": 15.6655333333333, "camp": "blue", "BeAttackDifficulty": 0.67}, "111": {"x": 82.3712000000008, "y": 15.5437333333334, "camp": "blue", "BeAttackDifficulty": 0.67}, "112": {"x": 78.9154750000023, "y": 11.9299333333345, "camp": "blue", "BeAttackDifficulty": 0.79}, "113": {"x": 78.891825000003, "y": 10.5551999999989, "camp": "blue", "BeAttackDifficulty": 0.92}, "117": {"x": 80.7711500000004, "y": 14.0695666666678, "camp": "blue", "BeAttackDifficulty": 0.71}, "118": {"x": 83.1716, "y": 13.0112000000011, "camp": "blue", "BeAttackDifficulty": 0.74}, "120": {"x": 81.8481250000005, "y": 14.8597333333337, "camp": "blue", "BeAttackDifficulty": 0.87}, "121": {"x": 83.7771500000031, "y": 13.6350666666658, "camp": "blue", "BeAttackDifficulty": 0.78}, "122": {"x": 76.3839750000024, "y": 8.56043333333408, "camp": "blue", "BeAttackDifficulty": 0.2},